year,month,rainfall_mm,temp_mean_C,temp_max_C,temp_min_C,humidity_pct,pressure_kPa,wind_speed_ms,month_name,date
1990,1,36.92,27.48741935483871,33.63741935483871,22.950322580645164,70.51516129032258,99.84612903225806,1.0187096774193547,January,1990-01-01
1990,2,98.45,28.083928571428572,34.75178571428571,23.05392857142857,69.37571428571428,99.86357142857142,1.1457142857142857,February,1990-02-01
1990,3,70.49,28.695806451612906,34.81258064516129,24.168709677419354,71.60709677419355,99.84677419354838,1.1700000000000002,March,1990-03-01
1990,4,251.53,26.527333333333335,30.549,23.508666666666667,86.06533333333333,99.83666666666666,1.1340000000000001,April,1990-04-01
1990,5,187.32,25.471612903225807,28.98,22.756129032258066,90.06322580645161,100.01032258064517,1.042258064516129,May,1990-05-01
1990,6,199.57999999999998,24.828,28.348,22.21066666666667,90.038,100.16366666666666,1.1503333333333332,June,1990-06-01
1990,7,104.21,23.69161290322581,27.86,20.6658064516129,88.15387096774194,100.20548387096774,1.4138709677419354,July,1990-07-01
1990,8,33.37,24.405161290322578,29.565806451612904,20.812903225806455,81.80677419354838,100.23290322580644,1.3896774193548387,August,1990-08-01
1990,9,136.4,25.219,30.538666666666664,21.761333333333333,81.78099999999999,100.09166666666667,1.2289999999999999,September,1990-09-01
1990,10,192.15,25.35516129032258,29.780645161290323,22.09,86.50483870967743,100.00612903225807,0.966774193548387,October,1990-10-01
1990,11,114.63,26.229,30.99866666666667,22.658333333333335,82.45433333333334,99.91433333333333,0.8923333333333333,November,1990-11-01
1990,12,80.26,26.574516129032258,31.71483870967742,22.68548387096774,78.96645161290323,99.8816129032258,0.8935483870967742,December,1990-12-01
1991,1,20.34,27.401290322580643,33.19870967741936,22.86225806451613,71.28870967741935,99.90451612903226,0.9716129032258065,January,1991-01-01
1991,2,49.31,28.00392857142857,33.66857142857143,23.830000000000002,72.83,99.88714285714286,1.3164285714285715,February,1991-02-01
1991,3,70.59,28.03322580645161,33.35548387096774,24.15064516129032,74.83258064516129,99.7625806451613,1.2651612903225806,March,1991-03-01
1991,4,171.91,26.728333333333335,31.440333333333335,23.398666666666667,81.78833333333334,99.863,1.2006666666666668,April,1991-04-01
1991,5,332.64,25.701290322580647,29.062258064516126,23.13290322580645,88.96387096774194,99.92677419354838,1.0619354838709678,May,1991-05-01
1991,6,207.4,25.191666666666666,28.665000000000003,22.637666666666668,90.316,100.098,1.059,June,1991-06-01
1991,7,208.45,23.91548387096774,27.572580645161292,21.31451612903226,90.03290322580645,100.22419354838709,1.3248387096774195,July,1991-07-01
1991,8,122.52,23.52516129032258,27.585806451612903,20.728709677419356,89.42483870967742,100.25870967741936,1.5083870967741935,August,1991-08-01
1991,9,102.61,24.27,28.526333333333334,21.24233333333333,88.275,100.17,1.1883333333333332,September,1991-09-01
1991,10,153.61,24.198709677419355,28.448709677419355,21.119032258064518,87.61419354838709,100.06258064516129,1.0380645161290323,October,1991-10-01
1991,11,49.53,26.041999999999998,30.993,22.161,80.69866666666667,99.96033333333334,0.8633333333333333,November,1991-11-01
1991,12,6.83,27.69483870967742,33.71774193548387,23.040967741935482,68.02451612903225,99.90290322580644,0.9161290322580645,December,1991-12-01
1992,1,6.31,27.623548387096776,35.47483870967742,21.554193548387094,55.73096774193549,99.89645161290322,1.1096774193548387,January,1992-01-01
1992,2,38.37,29.22689655172414,36.013103448275864,24.090689655172415,64.9548275862069,99.88344827586207,1.273103448275862,February,1992-02-01
1992,3,129.21,28.03451612903226,33.75967741935484,23.896451612903224,73.96032258064515,99.79161290322581,1.2654838709677418,March,1992-03-01
1992,4,166.2,26.918666666666663,31.172,23.811666666666667,83.663,99.85566666666666,1.1146666666666667,April,1992-04-01
1992,5,220.85,25.989354838709676,29.72967741935484,23.197741935483872,86.52741935483871,99.96354838709676,1.1112903225806452,May,1992-05-01
1992,6,199.15,24.490333333333336,28.165666666666667,21.909333333333333,89.63033333333333,100.161,1.3,June,1992-06-01
1992,7,116.99,23.353225806451615,27.35741935483871,20.581612903225807,88.84483870967742,100.30096774193548,1.477741935483871,July,1992-07-01
1992,8,24.14,23.87451612903226,29.023548387096774,20.06483870967742,79.38967741935484,100.32096774193548,1.6003225806451613,August,1992-08-01
1992,9,122.02,24.817666666666664,30.236666666666668,21.175,80.03166666666667,100.06466666666667,1.4276666666666666,September,1992-09-01
1992,10,164.69,25.14483870967742,29.659032258064514,22.009354838709676,85.00354838709679,100.06645161290322,1.0835483870967744,October,1992-10-01
1992,11,52.02,25.915000000000003,30.904333333333334,22.200333333333333,79.60566666666666,99.923,0.8856666666666667,November,1992-11-01
1992,12,26.09,27.35516129032258,33.20580645161291,22.91322580645161,72.19935483870967,99.8941935483871,0.9919354838709677,December,1992-12-01
1993,1,17.49,27.54290322580645,35.10354838709677,21.626451612903224,60.00806451612903,99.95903225806451,1.1474193548387097,January,1993-01-01
1993,2,46.06,28.208571428571428,34.43035714285714,23.634642857142858,68.4525,99.86642857142859,1.399642857142857,February,1993-02-01
1993,3,232.16,26.195483870967742,30.631612903225808,22.830967741935485,81.59483870967742,99.94258064516129,1.137741935483871,March,1993-03-01
1993,4,165.9,26.151666666666664,29.88533333333333,23.39966666666667,87.43666666666667,99.84066666666666,1.065,April,1993-04-01
1993,5,211.41,25.65967741935484,28.833870967741937,23.29806451612903,91.0583870967742,99.91451612903225,1.124516129032258,May,1993-05-01
1993,6,345.36,24.622666666666664,28.156333333333336,22.092666666666666,90.55966666666667,100.173,1.1983333333333335,June,1993-06-01
1993,7,134.98,23.43032258064516,27.20967741935484,20.770967741935483,89.54516129032258,100.23483870967742,1.3900000000000001,July,1993-07-01
1993,8,88.16,23.436774193548384,27.495483870967742,20.54741935483871,89.02580645161291,100.24096774193548,1.4141935483870969,August,1993-08-01
1993,9,196.81,24.287666666666667,28.149,21.531333333333336,89.35566666666666,100.09433333333332,1.131,September,1993-09-01
1993,10,178.69,25.055806451612902,28.82774193548387,22.220322580645163,89.54548387096774,100.00967741935484,0.9338709677419355,October,1993-10-01
1993,11,116.36,25.457666666666668,29.492,22.354666666666667,87.64466666666667,99.86233333333332,0.8623333333333334,November,1993-11-01
1993,12,49.690000000000005,26.404838709677417,31.022903225806452,22.714193548387097,80.70612903225806,99.86064516129032,0.7848387096774193,December,1993-12-01
1994,1,31.59,27.123548387096776,32.986774193548385,22.52548387096774,72.33322580645161,99.81322580645161,0.9706451612903225,January,1994-01-01
1994,2,33.879999999999995,28.19607142857143,34.43071428571428,23.474285714285713,70.44250000000001,99.85249999999999,1.2249999999999999,February,1994-02-01
1994,3,107.94,27.45709677419355,32.66161290322581,23.673870967741934,77.34870967741935,99.83612903225807,1.216451612903226,March,1994-03-01
1994,4,179.03,26.839,31.085666666666665,23.816,83.68,99.82033333333334,1.186,April,1994-04-01
1994,5,213.68,25.493548387096773,28.88064516129032,22.921612903225807,90.03451612903227,99.99483870967742,0.9725806451612903,May,1994-05-01
1994,6,255.05,24.716666666666665,28.319000000000003,22.037666666666667,89.88733333333333,100.14866666666667,1.2183333333333333,June,1994-06-01
1994,7,67.56,23.57193548387097,27.64548387096774,20.690967741935484,88.87548387096774,100.23129032258065,1.4061290322580646,July,1994-07-01
1994,8,63.120000000000005,24.299999999999997,29.111612903225808,20.98774193548387,83.50870967741936,100.16387096774193,1.5419354838709676,August,1994-08-01
1994,9,146.85,24.645666666666667,29.573666666666668,21.456333333333337,84.09066666666666,100.12566666666666,1.4796666666666667,September,1994-09-01
1994,10,308.37,24.649032258064516,28.21193548387097,22.021290322580644,89.96064516129032,99.96967741935484,0.9664516129032258,October,1994-10-01
1994,11,65.99,25.325666666666667,29.320666666666668,22.16433333333333,87.144,99.96833333333333,0.7523333333333333,November,1994-11-01
1994,12,12.21,26.40838709677419,32.167741935483875,21.820322580645165,72.9841935483871,99.96129032258065,0.8541935483870968,December,1994-12-01
1995,1,13.02,27.875806451612902,34.78290322580645,22.52709677419355,64.28451612903226,99.94322580645162,0.8925806451612904,January,1995-01-01
1995,2,21.509999999999998,28.295714285714286,34.13428571428572,23.957142857142856,68.63035714285715,99.94464285714285,1.2939285714285713,February,1995-02-01
1995,3,157.24,27.167096774193546,32.122580645161285,23.601290322580645,80.00935483870968,99.81387096774193,1.1174193548387097,March,1995-03-01
1995,4,207.12,26.708000000000002,30.539333333333335,23.846333333333334,85.98166666666665,99.732,1.062,April,1995-04-01
1995,5,172.69,25.733225806451614,28.853225806451615,23.32741935483871,90.43451612903225,99.90548387096774,0.9609677419354838,May,1995-05-01
1995,6,289.18,25.108999999999998,28.541666666666668,22.584999999999997,90.329,100.086,1.1563333333333332,June,1995-06-01
1995,7,122.99,24.080322580645163,27.811612903225804,21.425806451612903,89.70774193548387,100.05935483870968,1.4651612903225808,July,1995-07-01
1995,8,155.46,24.049032258064514,27.764193548387095,21.563225806451616,90.12483870967742,100.09612903225806,1.4119354838709677,August,1995-08-01
1995,9,153.03,24.226333333333333,28.211333333333336,21.543,89.736,100.12933333333334,1.3703333333333334,September,1995-09-01
1995,10,139.85,24.641935483870967,28.538709677419355,21.701612903225808,89.01806451612903,99.97612903225807,0.9874193548387097,October,1995-10-01
1995,11,79.69,25.965,30.429,22.54866666666667,84.32766666666666,99.91233333333334,0.818,November,1995-11-01
1995,12,38.44,26.546774193548387,31.634516129032257,22.716129032258067,76.22612903225807,99.95709677419354,0.8432258064516129,December,1995-12-01
1996,1,19.76,27.453548387096777,33.23096774193549,23.07709677419355,73.08387096774193,99.76548387096774,1.0154838709677418,January,1996-01-01
1996,2,41.98,27.610689655172415,33.02068965517241,23.684137931034485,74.0044827586207,99.74862068965517,1.3579310344827586,February,1996-02-01
1996,3,107.84,26.964193548387097,31.708064516129035,23.61258064516129,79.90806451612903,99.77258064516128,1.2693548387096774,March,1996-03-01
1996,4,145.66,26.817999999999998,31.018666666666668,23.772333333333332,84.15333333333334,99.76766666666666,1.0616666666666668,April,1996-04-01
1996,5,290.92,25.937096774193545,29.384838709677418,23.34741935483871,88.75548387096775,99.92774193548387,1.0767741935483872,May,1996-05-01
1996,6,253.53,24.811666666666667,28.398000000000003,22.201999999999998,90.32533333333335,100.09333333333333,1.281,June,1996-06-01
1996,7,205.99,23.788064516129033,27.59032258064516,21.043225806451613,89.8016129032258,100.2432258064516,1.3141935483870968,July,1996-07-01
1996,8,121.09,23.651290322580646,27.765806451612903,20.83516129032258,89.37064516129033,100.1741935483871,1.4593548387096775,August,1996-08-01
1996,9,75.8,23.985666666666667,28.587333333333333,20.857666666666667,87.54266666666668,100.086,1.3823333333333332,September,1996-09-01
1996,10,149.78,24.849032258064515,29.45967741935484,21.549677419354836,86.19548387096773,99.9990322580645,1.1283870967741934,October,1996-10-01
1996,11,78.23,26.455,31.881666666666668,22.561,78.64699999999999,99.86833333333334,0.8803333333333333,November,1996-11-01
1996,12,24.96,27.313548387096777,33.42225806451613,22.811935483870965,73.07193548387097,99.89129032258064,0.9670967741935484,December,1996-12-01
1997,1,42.41,27.453225806451613,33.339354838709674,23.098064516129032,72.95193548387097,99.85903225806452,1.1061290322580646,January,1997-01-01
1997,2,21.45,28.5275,35.78642857142857,23.082500000000003,64.83535714285713,99.88321428571429,1.184642857142857,February,1997-02-01
1997,3,277.08,27.366129032258065,32.22741935483871,23.937096774193545,79.68903225806451,99.79903225806451,1.115483870967742,March,1997-03-01
1997,4,307.32,25.357000000000003,28.68566666666667,22.841,90.44366666666666,99.97933333333334,1.0919999999999999,April,1997-04-01
1997,5,306.31,25.443870967741937,28.725483870967743,22.983870967741936,91.13935483870968,100.03903225806452,1.0338709677419353,May,1997-05-01
1997,6,378.56,24.328333333333333,27.805999999999997,21.901,91.265,100.08833333333334,1.413,June,1997-06-01
1997,7,79.62,23.444193548387098,27.228387096774195,20.75032258064516,89.86806451612902,100.29483870967742,1.450967741935484,July,1997-07-01
1997,8,46.72,23.638387096774192,27.99967741935484,20.450322580645164,88.63774193548387,100.26903225806453,1.3687096774193548,August,1997-08-01
1997,9,66.77,24.791333333333334,29.46033333333333,21.483,85.38733333333333,100.10100000000001,1.2776666666666665,September,1997-09-01
1997,10,142.47,26.05258064516129,30.54774193548387,22.905806451612904,84.68612903225807,99.95903225806451,1.0003225806451614,October,1997-10-01
1997,11,62.14,27.130333333333333,32.13633333333333,23.436666666666667,78.71033333333334,99.913,0.919,November,1997-11-01
1997,12,36.37,27.49774193548387,33.0958064516129,23.293225806451613,73.25870967741936,99.95645161290322,0.9103225806451613,December,1997-12-01
1998,1,49.9,28.09161290322581,35.092580645161284,23.094193548387096,67.87161290322581,99.84225806451613,0.99,January,1998-01-01
1998,2,50.28,29.805,36.58535714285714,24.73071428571429,67.65785714285714,99.93035714285715,1.2153571428571428,February,1998-02-01
1998,3,72.49,29.179354838709674,34.70903225806452,25.182258064516127,73.5516129032258,99.7641935483871,1.1848387096774193,March,1998-03-01
1998,4,140.22,28.321666666666665,32.92033333333333,25.107333333333333,81.223,99.78633333333333,1.219,April,1998-04-01
1998,5,142.81,27.016129032258064,30.95483870967742,24.146774193548385,86.20129032258063,99.99290322580644,1.1135483870967744,May,1998-05-01
1998,6,161.23,25.68166666666667,29.484666666666666,22.877666666666666,87.38266666666667,100.16733333333333,1.1413333333333333,June,1998-06-01
1998,7,57.93,24.787096774193547,29.32,21.647096774193546,83.3167741935484,100.18516129032257,1.5458064516129033,July,1998-07-01
1998,8,70.73,24.893225806451614,30.146129032258063,21.134516129032257,78.89096774193548,100.13451612903226,1.6119354838709676,August,1998-08-01
1998,9,90.44,25.691666666666666,31.11866666666667,22.02766666666667,78.525,100.06733333333334,1.4863333333333335,September,1998-09-01
1998,10,198.06,25.711612903225806,30.504516129032258,22.523870967741935,84.62548387096774,100.03193548387097,1.151290322580645,October,1998-10-01
1998,11,78.18,26.721666666666668,31.505333333333333,23.249666666666666,81.84733333333334,99.84233333333333,0.9179999999999999,November,1998-11-01
1998,12,20.13,27.308709677419355,32.72032258064516,23.28451612903226,74.71064516129033,99.8816129032258,0.8648387096774193,December,1998-12-01
1999,1,46.26,27.1858064516129,32.252258064516134,23.49774193548387,76.45129032258063,99.78806451612903,1.0341935483870968,January,1999-01-01
1999,2,40.67,27.478214285714284,33.13142857142857,23.26892857142857,71.35321428571429,99.80321428571429,1.0728571428571427,February,1999-02-01
1999,3,108.92,27.36258064516129,32.18677419354839,23.81935483870968,79.34903225806453,99.67903225806452,1.2358064516129033,March,1999-03-01
1999,4,176.83,26.801666666666666,31.051666666666666,23.657666666666668,82.416,99.847,1.0776666666666666,April,1999-04-01
1999,5,168.91,25.608709677419355,28.866451612903226,23.113225806451613,90.42548387096774,99.93290322580646,1.0116129032258063,May,1999-05-01
1999,6,227.73000000000002,25.115666666666666,28.253666666666668,22.763333333333332,90.64133333333332,100.02366666666667,1.0010000000000001,June,1999-06-01
1999,7,157.88,24.051290322580645,27.646129032258063,21.470645161290324,90.06645161290322,100.1758064516129,1.3229032258064515,July,1999-07-01
1999,8,116.25999999999999,23.791935483870965,27.828387096774193,20.759999999999998,87.97064516129032,100.1516129032258,1.383225806451613,August,1999-08-01
1999,9,105.64,24.075333333333333,28.237666666666666,21.176333333333332,88.282,100.02066666666666,1.3133333333333332,September,1999-09-01
1999,10,142.46,24.669677419354837,28.94,21.59161290322581,87.41516129032257,100.03516129032259,1.1135483870967742,October,1999-10-01
1999,11,47.85,26.063,30.733666666666668,22.461666666666666,81.62566666666666,99.90833333333333,0.9326666666666666,November,1999-11-01
1999,12,24.91,27.75225806451613,33.87451612903225,23.25,70.23290322580645,99.84354838709677,0.8861290322580645,December,1999-12-01
2000,1,63.9,27.36741935483871,33.02516129032258,23.312903225806455,74.27032258064517,99.74096774193549,1.0564516129032258,January,2000-01-01
2000,2,37.1,27.66344827586207,34.41620689655173,22.675172413793106,65.8696551724138,99.85689655172413,1.0644827586206898,February,2000-02-01
2000,3,138.25,27.594838709677422,32.498064516129034,24.075806451612905,77.31483870967743,99.71032258064515,1.0670967741935484,March,2000-03-01
2000,4,103.28,26.441333333333333,30.33566666666667,23.537666666666667,86.30833333333334,99.743,1.149,April,2000-04-01
2000,5,158.19,25.991612903225807,29.48032258064516,23.40258064516129,88.78806451612903,99.91354838709678,1.0719354838709678,May,2000-05-01
2000,6,237.18,24.80233333333333,28.374000000000002,22.255666666666666,89.38366666666667,100.117,1.2109999999999999,June,2000-06-01
2000,7,152.45,23.675806451612903,27.57161290322581,20.78516129032258,88.96387096774194,100.11806451612902,1.315806451612903,July,2000-07-01
2000,8,93.43,23.780967741935484,28.07451612903226,20.77,87.6516129032258,100.18903225806451,1.308064516129032,August,2000-08-01
2000,9,89.42,24.480999999999998,29.096,21.353666666666665,85.494,100.04666666666667,1.3386666666666664,September,2000-09-01
2000,10,98.3,25.906774193548387,30.970645161290324,22.246451612903225,80.78483870967742,100.02580645161291,1.060967741935484,October,2000-10-01
2000,11,90.2,26.298333333333336,31.066,22.712,81.66366666666666,99.859,0.9663333333333334,November,2000-11-01
2000,12,18.87,27.13741935483871,32.68322580645161,22.973225806451612,73.4941935483871,99.94,0.9551612903225807,December,2000-12-01
2001,1,10.51,27.605806451612903,33.61,23.140645161290323,70.1241935483871,99.91064516129032,1.0790322580645162,January,2001-01-01
2001,2,45.839999999999996,27.983214285714286,34.40821428571429,23.287142857142857,68.35214285714287,99.7867857142857,1.1032142857142857,February,2001-02-01
2001,3,120.25,27.006774193548388,31.529032258064515,23.700967741935486,80.75419354838711,99.82645161290323,1.2516129032258063,March,2001-03-01
2001,4,126.55,26.64466666666667,30.709666666666667,23.679,84.833,99.839,1.1466666666666667,April,2001-04-01
2001,5,189.39000000000001,25.725806451612904,28.794193548387096,23.469354838709677,90.25161290322582,99.98806451612903,1.0290322580645161,May,2001-05-01
2001,6,295.61,24.592666666666666,27.840333333333334,22.217666666666666,90.889,100.148,1.2066666666666668,June,2001-06-01
2001,7,174.6,23.57193548387097,27.445483870967742,20.924516129032256,89.79483870967742,100.20645161290322,1.4854838709677418,July,2001-07-01
2001,8,65.92,23.396129032258063,27.59709677419355,20.42225806451613,88.53193548387097,100.3141935483871,1.479032258064516,August,2001-08-01
2001,9,112.0,23.936,28.398333333333333,20.737000000000002,86.47233333333334,100.115,1.293,September,2001-09-01
2001,10,118.92,25.870322580645162,30.831612903225807,22.259999999999998,82.91935483870968,100.0283870967742,1.0516129032258066,October,2001-10-01
2001,11,83.99,26.596333333333334,31.561666666666667,22.947,80.88266666666667,99.94800000000001,0.9843333333333334,November,2001-11-01
2001,12,17.65,27.78258064516129,33.39645161290323,23.44483870967742,73.82161290322581,99.85903225806452,0.9858064516129033,December,2001-12-01
2002,1,33.51,27.00258064516129,33.13,22.430967741935483,70.26225806451613,99.91645161290322,1.0029032258064516,January,2002-01-01
2002,2,35.34,28.565357142857145,34.855714285714285,24.021428571428572,69.82928571428572,99.86,1.3264285714285715,February,2002-02-01
2002,3,116.11,27.679032258064513,32.66483870967742,24.06677419354839,78.54612903225807,99.78387096774195,1.280967741935484,March,2002-03-01
2002,4,221.64,26.51833333333333,30.35033333333333,23.68933333333333,87.071,99.71433333333333,1.1493333333333333,April,2002-04-01
2002,5,225.67000000000002,26.0058064516129,29.223548387096773,23.499032258064517,90.77,99.95161290322581,1.0270967741935484,May,2002-05-01
2002,6,173.32,24.853666666666665,27.907666666666668,22.537333333333333,91.025,100.18666666666667,1.113,June,2002-06-01
2002,7,146.4,24.4,27.931935483870966,21.98677419354839,90.36193548387097,100.24451612903225,1.3861290322580644,July,2002-07-01
2002,8,161.24,23.645806451612902,27.401290322580646,20.844516129032257,89.78064516129032,100.19548387096773,1.3606451612903225,August,2002-08-01
2002,9,73.8,24.344333333333335,28.755999999999997,21.213,87.44333333333334,100.14933333333333,1.301,September,2002-09-01
2002,10,163.06,25.22290322580645,29.293870967741935,22.260645161290324,88.10774193548387,99.99612903225807,1.017741935483871,October,2002-10-01
2002,11,84.86,26.05666666666667,30.503333333333334,22.663,84.79366666666667,99.98966666666666,0.8733333333333333,November,2002-11-01
2002,12,19.66,26.736451612903227,32.44258064516129,22.30548387096774,72.51709677419356,100.0141935483871,0.9570967741935484,December,2002-12-01
2003,1,26.66,27.66741935483871,33.42580645161291,23.238064516129032,70.23387096774194,99.99,1.0499999999999998,January,2003-01-01
2003,2,74.48,28.027142857142856,33.308214285714286,24.15964285714286,75.85464285714285,99.82785714285714,1.2057142857142857,February,2003-02-01
2003,3,112.84,27.59193548387097,32.10709677419355,24.323225806451614,80.0858064516129,99.78516129032259,1.011290322580645,March,2003-03-01
2003,4,105.09,26.723000000000003,30.44633333333333,23.904,86.05633333333334,99.85933333333332,1.09,April,2003-04-01
2003,5,186.29,26.385161290322582,30.135483870967743,23.623548387096776,87.28096774193548,99.97548387096774,1.1641935483870967,May,2003-05-01
2003,6,220.63,24.60533333333333,27.705666666666666,22.29866666666667,91.492,100.08833333333334,1.2173333333333334,June,2003-06-01
2003,7,84.7,24.08451612903226,27.976774193548387,21.131290322580643,88.68548387096774,100.22193548387096,1.312258064516129,July,2003-07-01
2003,8,43.33,24.596451612903227,29.47483870967742,21.04516129032258,82.62193548387097,100.20161290322581,1.5387096774193547,August,2003-08-01
2003,9,103.9,25.754,30.894333333333336,22.189666666666664,80.83200000000001,100.11333333333333,1.308,September,2003-09-01
2003,10,331.7,25.488387096774193,29.05548387096774,22.969677419354838,89.67677419354838,99.94129032258064,1.0132258064516129,October,2003-10-01
2003,11,190.73000000000002,25.488666666666667,29.002666666666666,22.83,89.91533333333334,99.89666666666668,0.831,November,2003-11-01
2003,12,22.64,25.279032258064515,29.059354838709677,22.02,85.38774193548387,99.93774193548387,0.7890322580645162,December,2003-12-01
2004,1,51.88,26.23483870967742,30.840645161290322,22.60451612903226,82.98935483870967,99.82451612903226,0.8241935483870968,January,2004-01-01
2004,2,42.519999999999996,26.772068965517242,31.451034482758622,23.17,79.23,99.87344827586206,0.9317241379310345,February,2004-02-01
2004,3,138.76,27.016129032258064,31.440322580645162,23.70451612903226,81.05290322580645,99.7958064516129,1.03,March,2004-03-01
2004,4,103.98,26.258333333333333,29.833333333333332,23.57633333333333,87.73333333333333,99.86833333333334,1.0896666666666666,April,2004-04-01
2004,5,115.9,26.207741935483874,30.05516129032258,23.306451612903224,85.76129032258065,100.02870967741936,1.1519354838709677,May,2004-05-01
2004,6,260.2,24.641333333333332,28.150333333333332,22.064,89.932,100.27199999999999,1.2056666666666667,June,2004-06-01
2004,7,149.89000000000001,23.776774193548388,27.43967741935484,21.00516129032258,89.79483870967742,100.18129032258064,1.2961290322580645,July,2004-07-01
2004,8,88.28,24.22483870967742,28.483225806451614,21.19,87.56612903225808,100.22612903225806,1.4006451612903226,August,2004-08-01
2004,9,201.97,24.790666666666667,28.399333333333335,22.208000000000002,89.45433333333334,100.07366666666667,1.1076666666666666,September,2004-09-01
2004,10,240.47,25.13193548387097,28.639032258064514,22.541290322580643,90.54612903225807,100.00387096774193,1.04,October,2004-10-01
2004,11,102.49,25.626666666666665,29.213666666666665,22.922,89.77600000000001,99.913,0.874,November,2004-11-01
2004,12,48.47,26.348064516129032,30.69483870967742,22.98032258064516,85.43096774193549,99.8441935483871,0.8048387096774193,December,2004-12-01
2005,1,19.06,25.144193548387097,31.285806451612903,20.238709677419354,70.86096774193548,99.87645161290322,0.9722580645161291,January,2005-01-01
2005,2,61.69,28.121785714285714,33.190357142857145,24.22392857142857,77.6432142857143,99.7225,1.1110714285714285,February,2005-02-01
2005,3,157.66,26.818709677419356,30.663870967741932,23.96677419354839,85.43903225806451,99.85741935483871,1.0864516129032258,March,2005-03-01
2005,4,184.38,26.589666666666666,29.764,24.228333333333335,90.32133333333333,99.839,1.0316666666666667,April,2005-04-01
2005,5,205.25,25.88935483870968,29.048387096774192,23.45935483870968,90.70225806451613,99.96290322580644,1.1187096774193548,May,2005-05-01
2005,6,199.99,24.779666666666667,28.284,22.291999999999998,90.60666666666665,100.10933333333332,1.3823333333333332,June,2005-06-01
2005,7,65.02,23.92096774193548,27.725483870967743,21.091290322580647,89.11677419354838,100.26064516129033,1.3861290322580644,July,2005-07-01
2005,8,51.8,24.124193548387098,29.030645161290323,20.58451612903226,82.97935483870968,100.20193548387095,1.5187096774193547,August,2005-08-01
2005,9,185.0,25.48933333333333,30.303,22.137333333333334,82.03500000000001,100.09933333333333,1.3773333333333333,September,2005-09-01
2005,10,323.11,25.02806451612903,28.31677419354839,22.526451612903227,90.90064516129033,100.03967741935485,0.9425806451612903,October,2005-10-01
2005,11,112.78,25.786333333333335,29.445666666666668,22.867666666666665,89.45633333333333,99.87899999999999,0.836,November,2005-11-01
2005,12,29.48,25.85967741935484,29.781290322580645,22.725806451612904,87.26645161290324,99.7825806451613,0.8558064516129033,December,2005-12-01
2006,1,71.83,25.893548387096775,29.852580645161293,22.76451612903226,86.57774193548387,99.7732258064516,0.9067741935483871,January,2006-01-01
2006,2,108.89,26.293928571428573,30.139999999999997,23.358214285714286,86.77142857142857,99.77714285714286,1.0785714285714285,February,2006-02-01
2006,3,139.34,25.986129032258066,29.640967741935484,23.135161290322582,88.19677419354838,99.87225806451613,1.0764516129032258,March,2006-03-01
2006,4,118.09,26.165000000000003,29.35033333333333,23.671666666666667,89.827,99.77199999999999,1.0093333333333334,April,2006-04-01
2006,5,224.84,25.49741935483871,28.44161290322581,23.198709677419355,91.48032258064515,99.99806451612903,1.0006451612903227,May,2006-05-01
2006,6,180.45,24.965666666666667,28.1,22.55666666666667,91.28299999999999,100.10633333333334,1.0596666666666665,June,2006-06-01
2006,7,150.9,24.123548387096776,27.86225806451613,21.437419354838706,89.77,100.2158064516129,1.369032258064516,July,2006-07-01
2006,8,47.59,23.88193548387097,28.134193548387096,20.76322580645161,87.27064516129032,100.14612903225807,1.5296774193548388,August,2006-08-01
2006,9,149.67,24.723,28.935666666666666,21.819666666666667,87.48333333333333,100.11333333333333,1.3176666666666668,September,2006-09-01
2006,10,219.71,25.528387096774193,29.47193548387097,22.714193548387097,88.63516129032259,99.9541935483871,1.06,October,2006-10-01
2006,11,61.06,26.00133333333333,30.180333333333333,22.709666666666667,84.57266666666666,99.89866666666667,0.7853333333333333,November,2006-11-01
2006,12,16.77,27.206129032258065,32.60064516129032,22.970322580645163,73.74258064516128,99.97709677419354,0.7406451612903227,December,2006-12-01
2007,1,10.120000000000001,26.613225806451613,33.95129032258065,20.646774193548385,59.251290322580644,99.95935483870969,0.9780645161290322,January,2007-01-01
2007,2,34.97,28.056428571428572,33.348214285714285,24.00857142857143,73.24607142857143,99.85035714285713,1.2292857142857143,February,2007-02-01
2007,3,87.87,27.950645161290325,32.88161290322581,24.298387096774192,76.46903225806452,99.76032258064517,1.19,March,2007-03-01
2007,4,193.46,26.310333333333336,29.683666666666667,23.843666666666664,88.76433333333333,99.82633333333334,1.103,April,2007-04-01
2007,5,167.21,26.011612903225807,29.260967741935485,23.566451612903226,89.79709677419355,99.92645161290322,0.95,May,2007-05-01
2007,6,222.33,24.759,28.096,22.31566666666667,90.93,100.11566666666666,1.2713333333333334,June,2007-06-01
2007,7,159.85999999999999,24.20258064516129,27.953225806451613,21.46677419354839,89.1716129032258,100.16064516129032,1.4116129032258065,July,2007-07-01
2007,8,96.49,24.03258064516129,27.978064516129034,21.12322580645161,88.75451612903225,100.08806451612904,1.3970967741935485,August,2007-08-01
2007,9,194.72,24.770666666666667,28.404333333333334,22.072333333333333,89.65766666666667,100.091,1.0956666666666666,September,2007-09-01
2007,10,122.61,24.90967741935484,28.348709677419357,22.308387096774194,89.53225806451613,99.98612903225806,0.9035483870967742,October,2007-10-01
2007,11,66.88,25.71833333333333,29.663333333333334,22.566,86.392,99.861,0.893,November,2007-11-01
2007,12,30.06,26.627741935483872,31.58225806451613,22.809677419354838,77.52612903225807,99.86,0.7793548387096775,December,2007-12-01
2008,1,69.45,25.966451612903228,33.29451612903226,20.07774193548387,59.93354838709678,99.84774193548388,1.0535483870967741,January,2008-01-01
2008,2,10.040000000000001,28.108620689655172,33.965172413793105,23.69344827586207,70.3803448275862,99.84793103448277,0.9062068965517242,February,2008-02-01
2008,3,109.97,27.13516129032258,31.84,23.614838709677418,79.69322580645161,99.73903225806451,1.1212903225806452,March,2008-03-01
2008,4,91.82,27.105,31.628,23.723333333333336,79.57566666666666,99.712,1.0826666666666667,April,2008-04-01
2008,5,163.2,25.978387096774195,29.539032258064516,23.227096774193548,87.17032258064516,99.89354838709677,1.0248387096774194,May,2008-05-01
2008,6,220.69,25.03033333333333,28.356333333333335,22.555,90.325,100.051,1.1233333333333335,June,2008-06-01
2008,7,104.53,24.459032258064518,28.313548387096777,21.656451612903226,88.41032258064516,100.15870967741935,1.2996774193548386,July,2008-07-01
2008,8,105.42,24.45935483870968,28.746129032258064,21.258387096774193,86.27774193548387,100.03064516129032,1.3451612903225807,August,2008-08-01
2008,9,143.39,25.24866666666667,29.40533333333333,22.185333333333332,86.06533333333333,100.048,1.108,September,2008-09-01
2008,10,122.36,25.62451612903226,29.603548387096776,22.56032258064516,86.49354838709678,99.99096774193548,0.8880645161290323,October,2008-10-01
2008,11,76.67,26.641666666666666,31.271333333333335,23.006333333333334,81.43900000000001,99.87266666666666,0.8190000000000001,November,2008-11-01
2008,12,36.13,27.330967741935485,32.59838709677419,23.36806451612903,75.54548387096774,99.81064516129032,0.8345161290322581,December,2008-12-01
2009,1,15.450000000000001,27.471290322580646,33.428387096774195,22.948064516129033,66.01870967741935,99.86225806451613,1.0464516129032257,January,2009-01-01
2009,2,53.6,27.363928571428573,32.17714285714286,23.69607142857143,76.80428571428571,99.76321428571428,1.0732142857142857,February,2009-02-01
2009,3,126.03999999999999,27.477096774193548,32.18451612903226,23.981612903225805,78.82806451612903,99.71483870967741,1.1212903225806452,March,2009-03-01
2009,4,161.42,26.277333333333335,29.970666666666666,23.456666666666667,87.61066666666667,99.875,0.995,April,2009-04-01
2009,5,219.76,25.82032258064516,28.94451612903226,23.354193548387098,90.54677419354839,99.90612903225806,0.9432258064516129,May,2009-05-01
2009,6,323.0,25.084333333333333,28.09,22.805,91.422,100.10666666666665,1.067,June,2009-06-01
2009,7,229.36,24.041612903225804,27.621290322580645,21.467741935483872,90.74064516129032,100.19322580645161,1.332258064516129,July,2009-07-01
2009,8,32.52,24.039677419354838,27.89516129032258,21.361612903225808,89.72290322580645,100.11225806451613,1.4093548387096773,August,2009-08-01
2009,9,70.09,24.854,28.98166666666667,21.762666666666668,87.787,100.14133333333332,1.0973333333333335,September,2009-09-01
2009,10,141.71,25.705483870967743,30.42290322580645,22.21967741935484,84.18225806451613,99.96096774193548,1.03,October,2009-10-01
2009,11,102.93,26.209333333333333,30.558666666666667,22.779999999999998,82.74166666666666,99.922,0.807,November,2009-11-01
2009,12,18.97,27.962903225806453,33.5658064516129,23.621290322580645,72.29161290322581,99.89612903225807,0.8374193548387097,December,2009-12-01
2010,1,30.5,28.654516129032256,34.777419354838706,23.98483870967742,69.81870967741936,99.87483870967742,0.9983870967741936,January,2010-01-01
2010,2,41.61,29.379285714285714,35.2625,24.93642857142857,69.84464285714286,99.80035714285714,1.195,February,2010-02-01
2010,3,85.02,28.561290322580643,33.55,24.944193548387098,75.16161290322582,99.86451612903227,1.0761290322580646,March,2010-03-01
2010,4,135.91,28.445333333333334,33.217999999999996,24.866666666666667,77.484,99.796,1.0596666666666665,April,2010-04-01
2010,5,175.27,26.84741935483871,30.373548387096776,24.11967741935484,86.49774193548386,99.91354838709678,1.014516129032258,May,2010-05-01
2010,6,292.57,25.139333333333333,28.154,22.942666666666664,91.786,100.135,1.1233333333333335,June,2010-06-01
2010,7,98.25,24.12516129032258,28.01967741935484,21.24258064516129,89.05677419354839,100.15322580645162,1.334516129032258,July,2010-07-01
2010,8,95.95,24.616774193548387,28.781290322580645,21.65258064516129,88.25709677419354,100.10516129032258,1.3816129032258064,August,2010-08-01
2010,9,149.92,25.0,28.962333333333333,22.174666666666667,87.521,100.00399999999999,1.2056666666666667,September,2010-09-01
2010,10,256.53000000000003,25.173870967741934,28.65225806451613,22.523870967741935,90.30354838709677,99.93838709677419,0.9780645161290322,October,2010-10-01
2010,11,118.63,25.476,29.054666666666666,22.686666666666667,89.26333333333334,99.82966666666667,0.8483333333333333,November,2010-11-01
2010,12,37.63,26.004193548387097,30.33225806451613,22.574193548387097,83.68774193548387,99.76096774193549,0.7996774193548387,December,2010-12-01
2011,1,20.87,26.19161290322581,31.403870967741934,21.883548387096774,73.93677419354839,99.75258064516129,0.844516129032258,January,2011-01-01
2011,2,92.74,27.095714285714283,32.19392857142857,23.291785714285712,76.56464285714286,99.79178571428572,1.0714285714285714,February,2011-02-01
2011,3,137.35,26.416774193548385,30.251290322580644,23.489032258064515,86.43612903225807,99.76225806451613,1.0774193548387097,March,2011-03-01
2011,4,199.21,26.262,29.867666666666665,23.43,87.468,99.77466666666668,1.0066666666666666,April,2011-04-01
2011,5,149.76,25.901290322580646,29.006129032258066,23.460645161290323,90.58741935483872,99.90451612903226,0.9903225806451613,May,2011-05-01
2011,6,213.24,25.134999999999998,28.511333333333333,22.687666666666665,90.56033333333333,100.06266666666667,1.2303333333333335,June,2011-06-01
2011,7,227.31,24.095161290322583,27.769354838709678,21.407096774193548,90.16225806451614,100.10709677419355,1.3196774193548388,July,2011-07-01
2011,8,61.160000000000004,24.123225806451615,28.301612903225806,21.015483870967742,88.41451612903225,100.12161290322581,1.385483870967742,August,2011-08-01
2011,9,185.87,25.104,29.266000000000002,22.095000000000002,87.519,100.09266666666667,1.133,September,2011-09-01
2011,10,204.97,25.223225806451612,29.04064516129032,22.4158064516129,89.07096774193548,99.87935483870967,0.9664516129032258,October,2011-10-01
2011,11,56.65,26.027,30.407333333333334,22.511666666666667,84.62666666666668,99.89699999999999,0.8376666666666667,November,2011-11-01
2011,12,15.08,26.88,32.428387096774195,22.380967741935482,71.71354838709676,99.92774193548388,0.7612903225806452,December,2011-12-01
2012,1,23.28,27.813548387096777,34.21677419354839,22.853870967741937,66.02161290322582,99.89322580645161,0.9087096774193548,January,2012-01-01
2012,2,76.69,27.24896551724138,32.72793103448276,23.216896551724137,72.1951724137931,99.77586206896552,1.1986206896551723,February,2012-02-01
2012,3,62.76,27.600645161290323,32.487096774193546,23.93290322580645,76.71935483870968,99.81419354838711,0.9851612903225806,March,2012-03-01
2012,4,107.22,26.807666666666666,31.209,23.584,82.358,99.85733333333333,1.1380000000000001,April,2012-04-01
2012,5,258.22,25.896451612903224,29.598064516129032,23.190645161290323,87.17999999999999,100.01129032258065,1.0974193548387097,May,2012-05-01
2012,6,320.77,24.697666666666667,27.721666666666668,22.495333333333335,91.79066666666667,100.159,1.1153333333333333,June,2012-06-01
2012,7,72.99,23.86032258064516,27.758387096774193,20.962903225806453,89.27548387096775,100.15451612903226,1.3748387096774193,July,2012-07-01
2012,8,28.81,23.887096774193548,28.25483870967742,20.61258064516129,86.64870967741936,100.20548387096774,1.4396774193548387,August,2012-08-01
2012,9,111.73,25.568666666666665,30.537,21.962,81.423,100.15533333333333,1.2213333333333334,September,2012-09-01
2012,10,362.9,25.21741935483871,28.982580645161292,22.39774193548387,88.74516129032257,99.97709677419354,0.9467741935483871,October,2012-10-01
2012,11,99.07000000000001,25.746666666666666,29.607000000000003,22.67233333333333,88.73366666666668,99.91466666666666,0.8613333333333333,November,2012-11-01
2012,12,31.98,25.975161290322582,30.239032258064515,22.385161290322582,82.26387096774194,99.9016129032258,0.746774193548387,December,2012-12-01
2013,1,28.92,27.108064516129033,32.90935483870968,22.30032258064516,69.68096774193549,99.93709677419355,0.8896774193548387,January,2013-01-01
2013,2,80.65,27.613571428571426,32.753928571428574,23.69107142857143,75.58821428571427,99.80392857142859,1.0764285714285715,February,2013-02-01
2013,3,120.78,27.15,31.36193548387097,23.89741935483871,82.80322580645162,99.85870967741936,1.1103225806451613,March,2013-03-01
2013,4,106.49,26.769000000000002,30.783666666666665,23.65533333333333,84.77466666666666,99.89866666666667,1.015,April,2013-04-01
2013,5,174.9,26.089354838709678,29.77548387096774,23.291612903225804,86.81645161290322,100.01967741935485,1.0858064516129031,May,2013-05-01
2013,6,115.92,24.915333333333333,28.765,21.948666666666668,88.115,100.123,1.2340000000000002,June,2013-06-01
2013,7,98.88,24.233225806451614,28.523548387096774,21.186774193548384,85.51741935483871,100.21096774193548,1.4116129032258065,July,2013-07-01
2013,8,11.04,25.34161290322581,31.206451612903226,20.892258064516128,74.47,100.11096774193548,1.6141935483870968,August,2013-08-01
2013,9,127.92999999999999,26.024,31.632333333333335,22.142,78.06233333333333,100.08866666666667,1.4116666666666666,September,2013-09-01
2013,10,128.29,26.377741935483872,31.49225806451613,22.58709677419355,79.6041935483871,100.01870967741935,1.002258064516129,October,2013-10-01
2013,11,89.75,26.632333333333335,31.36433333333333,22.966666666666665,80.809,99.85733333333333,0.8989999999999999,November,2013-11-01
2013,12,24.02,27.09225806451613,32.90774193548387,22.600322580645162,72.41612903225807,99.93064516129031,0.9583870967741935,December,2013-12-01
2014,1,21.38,28.04032258064516,33.655806451612904,23.709032258064518,71.41129032258064,99.87354838709678,1.1106451612903225,January,2014-01-01
2014,2,33.51,28.46892857142857,34.23464285714286,24.054285714285715,68.68928571428572,99.79285714285713,1.3382142857142856,February,2014-02-01
2014,3,136.38,27.17096774193548,31.876774193548385,23.736129032258066,79.22516129032257,99.86193548387097,1.1874193548387098,March,2014-03-01
2014,4,185.3,26.674,30.638666666666666,23.694,85.63300000000001,99.898,1.061,April,2014-04-01
2014,5,155.22,26.112903225806452,29.279354838709676,23.559032258064516,89.55677419354839,99.92193548387097,0.9409677419354839,May,2014-05-01
2014,6,306.14,25.359333333333332,28.610666666666667,22.912333333333333,90.85266666666666,100.097,1.1093333333333333,June,2014-06-01
2014,7,118.13,24.32774193548387,28.13290322580645,21.56935483870968,89.37806451612903,100.28677419354838,1.346774193548387,July,2014-07-01
2014,8,97.84,24.075483870967744,28.366451612903226,21.02741935483871,87.7441935483871,100.19322580645161,1.44,August,2014-08-01
2014,9,160.17,24.546666666666667,28.657,21.647,88.273,100.12133333333333,1.2003333333333333,September,2014-09-01
2014,10,157.17000000000002,25.23677419354839,29.38290322580645,22.156774193548387,87.94483870967741,100.04387096774194,0.9987096774193549,October,2014-10-01
2014,11,76.43,26.133,30.396666666666665,22.68433333333333,84.12133333333333,99.96900000000001,0.8183333333333334,November,2014-11-01
2014,12,32.7,27.27064516129032,32.94548387096774,22.71225806451613,72.81,99.9758064516129,0.7851612903225806,December,2014-12-01
2015,1,25.79,27.05354838709677,33.696451612903225,22.020967741935483,66.29870967741937,100.02967741935484,1.0593548387096776,January,2015-01-01
2015,2,97.29,27.260714285714283,32.11857142857143,23.728928571428572,78.45321428571428,99.88892857142856,1.1732142857142858,February,2015-02-01
2015,3,203.45,27.10483870967742,31.366451612903226,24.018387096774195,83.15,99.8441935483871,1.0693548387096774,March,2015-03-01
2015,4,158.48,26.180666666666664,29.595333333333333,23.51033333333333,89.76566666666666,99.94266666666667,0.9543333333333333,April,2015-04-01
2015,5,150.33,25.95967741935484,29.120322580645162,23.416129032258063,90.5716129032258,100.02064516129032,0.9864516129032258,May,2015-05-01
2015,6,370.54,24.774333333333335,28.162,22.354666666666667,91.331,100.20066666666666,1.2456666666666665,June,2015-06-01
2015,7,119.46,24.42290322580645,28.1858064516129,21.66548387096774,89.86870967741935,100.19709677419355,1.2870967741935484,July,2015-07-01
2015,8,34.49,24.358387096774194,28.519354838709678,21.36806451612903,88.53645161290324,100.14354838709677,1.407741935483871,August,2015-08-01
2015,9,66.97,25.60666666666667,30.82,22.00433333333333,82.35666666666665,100.09533333333334,1.3273333333333333,September,2015-09-01
2015,10,319.52,25.760322580645163,29.768064516129034,22.853225806451615,88.27677419354839,100.04935483870969,0.9532258064516129,October,2015-10-01
2015,11,186.94,25.936666666666667,29.82633333333333,22.897,88.40533333333333,99.97766666666666,0.7873333333333333,November,2015-11-01
2015,12,25.6,24.69645161290323,29.779032258064515,20.24483870967742,76.85935483870968,100.12806451612903,0.8364516129032258,December,2015-12-01
2016,1,12.38,26.73,33.32,21.58483870967742,66.96548387096773,100.00935483870968,1.0216129032258063,January,2016-01-01
2016,2,34.69,28.44,34.89,23.645517241379313,68.37034482758621,99.88344827586207,1.1717241379310346,February,2016-02-01
2016,3,147.96,28.26806451612903,33.26548387096774,24.66322580645161,78.89838709677419,99.92354838709677,1.2048387096774194,March,2016-03-01
2016,4,101.14,27.757333333333335,32.04366666666667,24.575666666666667,83.16366666666666,99.86633333333333,1.0436666666666665,April,2016-04-01
2016,5,249.99,26.451290322580647,30.101935483870967,23.78516129032258,87.58290322580646,100.08774193548386,1.1325806451612903,May,2016-05-01
2016,6,224.88,24.988666666666667,28.441,22.398000000000003,90.07166666666667,100.23833333333333,1.1843333333333335,June,2016-06-01
2016,7,68.33,24.605483870967742,28.61258064516129,21.826451612903227,89.01774193548388,100.17548387096774,1.4009677419354838,July,2016-07-01
2016,8,124.44,24.951290322580647,29.648064516129033,21.686451612903223,84.79129032258065,100.15516129032258,1.403225806451613,August,2016-08-01
2016,9,236.58,24.817666666666664,28.662333333333333,22.131333333333334,89.704,100.12333333333332,1.1636666666666666,September,2016-09-01
2016,10,266.09,25.638709677419353,29.33709677419355,22.891612903225806,90.07903225806452,99.94483870967741,0.8838709677419354,October,2016-10-01
2016,11,112.53999999999999,26.029666666666667,29.621,23.23933333333333,89.317,99.907,0.772,November,2016-11-01
2016,12,51.42,25.89032258064516,29.751290322580644,22.89741935483871,87.16612903225807,99.90064516129033,0.746774193548387,December,2016-12-01
2017,1,64.01,26.094516129032257,31.04193548387097,22.267419354838708,81.72258064516129,99.89967741935483,0.897741935483871,January,2017-01-01
2017,2,63.35,26.8425,31.385357142857142,23.501785714285713,82.19392857142857,99.84892857142857,0.9103571428571428,February,2017-02-01
2017,3,144.33,26.703548387096774,30.828387096774197,23.761612903225807,86.02225806451614,99.8241935483871,1.1341935483870966,March,2017-03-01
2017,4,157.75,26.51833333333333,29.970333333333333,23.898333333333333,89.307,99.85466666666666,0.9786666666666667,April,2017-04-01
2017,5,269.61,26.176451612903225,29.38967741935484,23.710645161290323,90.38645161290323,99.98354838709676,0.9383870967741935,May,2017-05-01
2017,6,361.69,25.141333333333332,27.858333333333334,23.079333333333334,92.46733333333333,100.07866666666668,0.985,June,2017-06-01
2017,7,143.76,24.27741935483871,27.970967741935485,21.562903225806455,90.44483870967741,100.23677419354838,1.3577419354838711,July,2017-07-01
2017,8,71.59,24.127096774193546,28.20935483870968,21.26483870967742,89.30967741935484,100.1458064516129,1.3948387096774195,August,2017-08-01
2017,9,172.04,24.676666666666666,28.684666666666665,21.799666666666667,89.521,100.10300000000001,1.168,September,2017-09-01
2017,10,191.67,25.563225806451616,29.18322580645161,22.79774193548387,89.90483870967742,100.00741935483872,0.8754838709677419,October,2017-10-01
2017,11,133.53,25.609666666666666,29.169,22.881333333333334,89.35100000000001,99.92533333333334,0.7823333333333333,November,2017-11-01
2017,12,63.8,25.858387096774194,30.12709677419355,22.425161290322578,84.31225806451613,99.9058064516129,0.7806451612903226,December,2017-12-01
2018,1,10.82,26.65967741935484,32.33129032258064,22.34967741935484,76.47967741935483,99.90903225806451,0.8758064516129032,January,2018-01-01
2018,2,114.15,27.786785714285713,33.21964285714286,23.969285714285714,77.50285714285714,99.76,1.2964285714285713,February,2018-02-01
2018,3,179.23,26.236129032258066,30.0841935483871,23.36064516129032,87.7116129032258,99.89967741935483,1.1438709677419354,March,2018-03-01
2018,4,142.73,25.961666666666666,29.403000000000002,23.32766666666667,89.58533333333334,99.902,1.107,April,2018-04-01
2018,5,308.05,25.510967741935485,28.620645161290323,23.102580645161293,91.29903225806451,100.00129032258064,1.0438709677419356,May,2018-05-01
2018,6,228.76999999999998,25.008333333333333,28.25766666666667,22.567,90.96233333333333,100.16133333333333,1.1520000000000001,June,2018-06-01
2018,7,143.09,24.44483870967742,28.03451612903226,21.856774193548386,90.54290322580646,100.19516129032259,1.2658064516129033,July,2018-07-01
2018,8,72.14,24.196129032258067,28.29258064516129,21.092903225806452,88.63451612903226,100.20161290322581,1.3909677419354838,August,2018-08-01
2018,9,147.92000000000002,24.853,28.566,22.224666666666668,89.94800000000001,100.00066666666666,1.1553333333333335,September,2018-09-01
2018,10,261.68,25.45483870967742,28.88258064516129,22.818064516129034,90.36645161290323,99.98451612903226,0.8448387096774194,October,2018-10-01
2018,11,114.65,25.993666666666666,29.666333333333334,23.06066666666667,88.64366666666666,99.904,0.775,November,2018-11-01
2018,12,21.23,26.34032258064516,31.023548387096774,22.394193548387097,78.67935483870967,99.98612903225806,0.7238709677419355,December,2018-12-01
2019,1,32.66,27.26806451612903,32.77903225806452,22.945483870967742,72.99612903225807,99.98129032258065,0.9367741935483871,January,2019-01-01
2019,2,89.27,27.741071428571427,32.61607142857143,24.09107142857143,78.26964285714287,99.89071428571428,1.0542857142857143,February,2019-02-01
2019,3,124.46,27.343225806451613,32.00451612903226,24.00548387096774,81.17935483870967,99.90806451612903,1.132258064516129,March,2019-03-01
2019,4,259.13,26.86433333333333,30.330666666666666,24.151,88.96233333333333,99.86033333333333,1.0426666666666666,April,2019-04-01
2019,5,275.97,26.157096774193548,29.269354838709678,23.68064516129032,90.47096774193548,99.94354838709677,0.9274193548387096,May,2019-05-01
2019,6,220.43,25.322666666666667,28.76833333333333,22.757333333333335,90.73966666666666,100.162,1.1963333333333332,June,2019-06-01
2019,7,125.96,24.674516129032256,28.378709677419355,22.056451612903224,90.3316129032258,100.15387096774194,1.3261290322580646,July,2019-07-01
2019,8,62.84,24.324516129032258,28.48709677419355,21.405483870967743,89.35645161290323,100.23548387096774,1.3851612903225805,August,2019-08-01
2019,9,229.79,25.28666666666667,29.116333333333333,22.51833333333333,89.50133333333333,100.07766666666666,1.1133333333333333,September,2019-09-01
2019,10,391.79,25.130967741935482,28.370322580645162,22.766451612903225,91.51387096774194,99.93903225806451,1.0138709677419355,October,2019-10-01
2019,11,121.77,26.201,29.936,23.269333333333336,88.731,99.86566666666666,0.7483333333333333,November,2019-11-01
2019,12,46.67,26.19,30.28516129032258,22.666774193548385,83.14870967741936,99.90870967741935,0.7235483870967742,December,2019-12-01
2020,1,7.6000000000000005,26.120322580645162,31.470645161290324,21.456129032258065,73.60483870967742,99.97032258064516,0.8306451612903226,January,2020-01-01
2020,2,13.54,28.50413793103448,34.643793103448274,23.560689655172414,67.06310344827585,99.87758620689655,0.8951724137931035,February,2020-02-01
2020,3,169.79,27.497096774193547,31.881290322580647,24.342903225806452,82.50419354838711,99.86258064516129,1.1474193548387097,March,2020-03-01
2020,4,157.86,26.966,31.18,23.928333333333335,85.841,99.94800000000001,0.9866666666666667,April,2020-04-01
2020,5,269.43,26.44677419354839,29.968064516129033,23.745483870967742,89.42354838709677,100.04645161290323,0.9612903225806452,May,2020-05-01
2020,6,344.74,25.204,28.528666666666666,22.793333333333333,91.03866666666666,100.132,1.1236666666666666,June,2020-06-01
2020,7,135.63,24.008387096774193,27.705806451612904,21.35,90.6325806451613,100.09967741935485,1.3558064516129034,July,2020-07-01
2020,8,22.43,23.71677419354839,28.351935483870967,20.149354838709677,87.27258064516128,100.1325806451613,1.4009677419354838,August,2020-08-01
2020,9,176.14,25.091333333333335,29.563,21.957,86.31266666666667,100.048,1.2266666666666666,September,2020-09-01
2020,10,341.55,25.440645161290323,29.307741935483868,22.541290322580643,89.09806451612903,99.9941935483871,0.9287096774193548,October,2020-10-01
2020,11,233.75,25.856333333333332,29.43433333333333,23.093666666666664,89.19966666666666,99.944,0.7886666666666666,November,2020-11-01
2020,12,63.9,25.91548387096774,29.84,22.817419354838712,87.73258064516129,99.93032258064517,0.7929032258064516,December,2020-12-01
2021,1,81.63,25.907096774193548,29.818709677419356,22.870645161290323,87.71064516129033,99.86612903225806,0.8467741935483871,January,2021-01-01
2021,2,100.47,26.34892857142857,30.202499999999997,23.356785714285714,86.88821428571428,99.86178571428572,0.9128571428571428,February,2021-02-01
2021,3,231.99,25.88193548387097,29.28483870967742,23.245806451612903,89.48903225806451,99.81806451612904,1.0225806451612902,March,2021-03-01
2021,4,141.74,26.205666666666666,29.39466666666667,23.679666666666666,90.51466666666667,99.82866666666668,0.9946666666666667,April,2021-04-01
2021,5,144.19,25.956451612903226,29.169032258064515,23.385483870967743,90.69483870967741,99.97935483870968,0.9854838709677419,May,2021-05-01
2021,6,186.44,25.340333333333334,28.66,22.784666666666666,90.25766666666667,100.087,0.9853333333333333,June,2021-06-01
2021,7,190.32,24.28483870967742,28.192580645161293,21.363225806451613,89.46806451612902,100.23548387096774,1.308064516129032,July,2021-07-01
2021,8,117.0,24.568709677419356,28.463225806451614,21.725806451612904,89.13064516129033,100.12870967741935,1.290967741935484,August,2021-08-01
2021,9,319.35,24.957333333333334,28.344333333333335,22.393666666666665,90.66000000000001,100.07333333333332,1.0426666666666666,September,2021-09-01
2021,10,376.51,25.475806451612904,28.866774193548387,22.9541935483871,91.03935483870967,99.98677419354838,0.895483870967742,October,2021-10-01
2021,11,156.81,25.747,29.228666666666665,23.043333333333333,90.09166666666667,99.89733333333334,0.7933333333333333,November,2021-11-01
2021,12,34.03,26.203870967741935,30.02806451612903,23.039354838709677,86.1916129032258,99.85483870967742,0.766774193548387,December,2021-12-01
2022,1,39.660000000000004,25.581612903225807,29.80354838709677,21.90258064516129,82.61387096774195,99.92999999999999,0.8274193548387097,January,2022-01-01
2022,2,76.05,26.614285714285717,31.045357142857142,23.142857142857142,83.90714285714286,99.83178571428572,0.9617857142857142,February,2022-02-01
2022,3,196.07,26.212903225806453,29.799677419354836,23.54258064516129,89.03290322580645,99.74967741935482,1.0761290322580646,March,2022-03-01
2022,4,216.96,25.886666666666667,29.182666666666666,23.330333333333332,90.249,99.825,0.9646666666666667,April,2022-04-01
2022,5,299.48,25.844516129032257,28.970322580645163,23.404193548387095,90.69903225806452,100.02709677419355,0.9196774193548387,May,2022-05-01
2022,6,378.98,24.992666666666665,28.023333333333333,22.622666666666664,91.122,100.04033333333334,0.982,June,2022-06-01
2022,7,95.35,24.134193548387096,28.06064516129032,21.239677419354837,89.5658064516129,100.14354838709677,1.3612903225806452,July,2022-07-01
2022,8,67.77,23.741290322580646,27.766451612903225,20.70741935483871,89.28032258064516,100.08064516129032,1.4735483870967743,August,2022-08-01
2022,9,231.99,24.406,28.334666666666667,21.549666666666667,90.137,100.07033333333334,1.3046666666666666,September,2022-09-01
2022,10,306.07,25.526451612903227,29.21451612903226,22.752903225806453,89.86451612903227,99.98096774193547,0.9161290322580645,October,2022-10-01
2022,11,168.82,25.692333333333334,29.436,22.830333333333332,88.72333333333333,99.93833333333333,0.7963333333333333,November,2022-11-01
2022,12,42.76,25.201290322580647,29.248709677419356,21.703548387096774,84.83741935483872,99.92612903225806,0.8283870967741935,December,2022-12-01
2023,1,31.68,25.364838709677418,29.625806451612902,21.69645161290323,83.05806451612904,99.93612903225807,0.8638709677419355,January,2023-01-01
2023,2,48.41,27.051428571428573,31.928571428571427,23.375,80.61678571428571,99.85285714285715,0.9617857142857142,February,2023-02-01
2023,3,209.26,26.16,30.009032258064515,23.250645161290322,87.40709677419355,99.87838709677419,1.065806451612903,March,2023-03-01
2023,4,197.48,26.069333333333336,29.37,23.512,89.76233333333333,99.81633333333335,1.0066666666666666,April,2023-04-01
2023,5,239.13,26.2558064516129,29.449032258064516,23.792258064516126,90.21290322580644,99.99225806451614,0.9080645161290322,May,2023-05-01
2023,6,437.0,24.976333333333333,28.14966666666667,22.603666666666665,91.31733333333334,100.15433333333334,1.1640000000000001,June,2023-06-01
2023,7,328.57,25.10516129032258,28.36193548387097,22.69516129032258,91.68806451612903,100.1983870967742,1.2341935483870967,July,2023-07-01
2023,8,142.2,24.90290322580645,28.655806451612904,22.333225806451615,90.51709677419356,100.11903225806452,1.3622580645161289,August,2023-08-01
2023,9,180.8,25.413333333333334,28.978,22.826666666666664,90.58966666666667,100.051,1.1546666666666667,September,2023-09-01
2023,10,362.94,25.791935483870965,29.246451612903225,23.181612903225805,90.69419354838709,99.98838709677419,0.9341935483870968,October,2023-10-01
2023,11,250.81,26.131666666666668,29.645,23.454,90.273,99.94966666666666,0.885,November,2023-11-01
2023,12,22.62,26.120967741935484,30.43290322580645,22.159354838709678,80.16096774193548,99.95935483870967,0.7545161290322581,December,2023-12-01
2024,1,80.7,26.491290322580646,31.063225806451616,22.761612903225807,82.61935483870967,100.0758064516129,0.8038709677419356,January,2024-01-01
2024,2,68.13,27.146551724137932,31.400689655172414,23.906896551724138,83.76413793103448,99.93827586206896,0.9296551724137931,February,2024-02-01
2024,3,326.98,27.088064516129034,30.66290322580645,24.391935483870967,89.11322580645162,99.86032258064516,1.086774193548387,March,2024-03-01
2024,4,135.4,27.101666666666667,30.369333333333334,24.503,90.181,99.80133333333333,1.0006666666666666,April,2024-04-01
2024,5,284.49,26.726129032258065,29.72193548387097,24.385161290322582,90.94451612903227,99.93838709677419,0.9809677419354839,May,2024-05-01
2024,6,369.35,25.733999999999998,28.767666666666667,23.378666666666668,91.60033333333334,100.10033333333334,1.0723333333333334,June,2024-06-01
2024,7,74.04,24.736451612903227,28.43,22.141935483870967,90.59709677419356,100.1925806451613,1.3951612903225807,July,2024-07-01
2024,8,67.16,24.31483870967742,28.401290322580643,21.44741935483871,89.76516129032258,100.14548387096775,1.5141935483870967,August,2024-08-01
2024,9,91.53,25.151999999999997,29.626666666666665,21.88133333333333,86.60733333333333,100.07466666666666,1.2313333333333332,September,2024-09-01
2024,10,573.9,25.720645161290324,29.311612903225804,23.02774193548387,90.0858064516129,100.03193548387098,0.9435483870967742,October,2024-10-01
2024,11,117.18,26.116666666666667,29.756333333333334,23.147666666666666,87.77866666666667,99.95266666666666,0.7496666666666666,November,2024-11-01
2024,12,19.72,25.57967741935484,29.970645161290324,21.674516129032256,82.10774193548387,99.95709677419354,0.8,December,2024-12-01
2025,1,75.01,25.793225806451613,29.86193548387097,22.65516129032258,85.20032258064516,99.91806451612904,0.8503225806451613,January,2025-01-01
2025,2,91.29,26.451785714285712,30.375,23.5125,86.93785714285715,99.78392857142856,1.04,February,2025-02-01
2025,3,153.98,26.499354838709678,29.966451612903228,23.903225806451612,89.25322580645161,99.84258064516129,1.1525806451612903,March,2025-03-01
2025,4,178.53,26.504,29.880333333333333,23.918,89.99566666666666,99.81933333333333,1.0576666666666668,April,2025-04-01
2025,5,300.29,26.109354838709677,29.37483870967742,23.47258064516129,90.48193548387097,100.02774193548387,0.9932258064516128,May,2025-05-01
2025,6,343.52,25.507,28.8,22.99866666666667,90.98833333333333,100.17633333333333,1.0583333333333333,June,2025-06-01
2025,7,48.62,24.105806451612903,28.141935483870967,21.083225806451615,89.35354838709678,100.28612903225806,1.3793548387096775,July,2025-07-01
2025,8,55.79,23.963870967741936,28.34193548387097,20.82903225806452,88.45612903225806,100.21935483870968,1.4374193548387098,August,2025-08-01
2025,9,196.31,24.967666666666666,29.279999999999998,21.84733333333333,87.28266666666667,100.14533333333334,1.212,September,2025-09-01
2025,10,379.84,25.499032258064517,29.303870967741933,22.654193548387095,89.75193548387097,100.04645161290323,0.8864516129032258,October,2025-10-01
2025,11,231.35,26.074666666666666,30.051333333333332,22.944,88.32600000000001,99.96900000000001,0.7673333333333333,November,2025-11-01
2025,12,150.17000000000002,25.931612903225805,29.45935483870968,23.130967741935486,88.79870967741937,99.89354838709677,0.7858064516129032,December,2025-12-01
2026,1,52.24,25.863225806451613,29.6,22.85516129032258,87.32322580645162,99.91483870967743,0.8622580645161291,January,2026-01-01
2026,2,223.5,25.794285714285714,29.54357142857143,22.881785714285716,89.26928571428572,99.92928571428571,0.9821428571428571,February,2026-02-01
2026,3,221.49,26.100967741935484,29.585806451612903,23.370322580645162,90.2058064516129,99.77483870967743,1.0774193548387097,March,2026-03-01
2026,4,199.26,26.543333333333333,29.899,23.88266666666667,89.58233333333332,99.80566666666667,0.9309999999999999,April,2026-04-01
2026,5,374.31,26.419032258064515,29.537419354838708,23.990967741935485,91.2290322580645,99.98709677419355,0.9774193548387097,May,2026-05-01
2026,6,267.11,25.368928571428572,28.801785714285717,23.217142857142857,91.28214285714286,100.16285714285713,1.1892857142857143,June,2026-06-01
